USE muchocine;


INSERT INTO IDIOMA (codigo_iso, nombre) VALUES
  ('en', 'Inglés'),
  ('es', 'Español'),
  ('fr', 'Francés'),
  ('de', 'Alemán'),
  ('it', 'Italiano'),
  ('pt', 'Portugués'),
  ('zh', 'Mandarín'),
  ('ja', 'Japonés'),
  ('ko', 'Coreano'),
  ('ru', 'Ruso'),
  ('ar', 'Árabe'),
  ('hi', 'Hindi'),
  ('bn', 'Bengalí'),
  ('ur', 'Urdu'),
  ('tr', 'Turco'),
  ('nl', 'Holandés'),
  ('sv', 'Sueco'),
  ('no', 'Noruego'),
  ('da', 'Danés'),
  ('fi', 'Finlandés'),
  ('el', 'Griego'),
  ('pl', 'Polaco'),
  ('cs', 'Checo'),
  ('hu', 'Húngaro'),
  ('he', 'Hebreo'),
  ('th', 'Tailandés'),
  ('vi', 'Vietnamita'),
  ('id', 'Indonesio'),
  ('ms', 'Malayo'),
  ('sw', 'Swahili'),
  ('yo', 'Yoruba'),
  ('zu', 'Zulú'),
  ('am', 'Amárico'),
  ('ha', 'Hausa'),
  ('ig', 'Igbo'),
  ('tl', 'Tagalo'),
  ('ta', 'Tamil'),
  ('lo', 'Lao'),
  ('my', 'Birmano'),
  ('ro', 'Rumano'),
  ('uk', 'Ucraniano'),
  ('sr', 'Serbio'),
  ('sk', 'Eslovaco'),
  ('lt', 'Lituano'),
  ('lv', 'Letón'),
  ('et', 'Estonio'),
  ('qu', 'Quechua'),
  ('gn', 'Guaraní'),
  ('ay', 'Aimara'),
  ('mi', 'Maorí'),
  ('sm', 'Samoano'),
  ('fj', 'Fiyiano'),
  ('eo', 'Esperanto');

INSERT INTO FORMATO (nombre, descripcion) VALUES
  ('MP4', 'Formato de archivo multimedia comprimido que es ampliamente utilizado para transmisión de video en línea'),
  ('MKV', 'Formato contenedor de video que admite múltiples pistas de audio y subtítulos'),
  ('AVI', 'Formato contenedor de video desarrollado por Microsoft'),
  ('MOV', 'Formato de archivo multimedia desarrollado por Apple para QuickTime'),
  ('WEBM', 'Formato de archivo multimedia abierto y gratuito desarrollado para la web'),
  ('FLV', 'Formato de archivo Flash Video, ampliamente utilizado para transmisión de video en línea'),
  ('WMV', 'Formato de archivo desarrollado por Microsoft para Windows Media'),
  ('OGG', 'Formato de archivo multimedia contenedor abierto y gratuito'),
  ('HLS', 'Protocolo de transmisión de video HTTP Live Streaming utilizado para la entrega de contenido multimedia a través de Internet'),
  ('MPEG-DASH', 'Estándar para la transmisión adaptativa de video a través de HTTP'),
  ('AAC', 'Formato de compresión de audio avanzado, comúnmente utilizado para transmisión de audio en línea'),
  ('MP3', 'Formato de compresión de audio comúnmente utilizado para transmisión de audio en línea');

INSERT INTO CONTINENTE (nombre, descripcion) VALUES
  ('África', 'El segundo continente más grande de la Tierra, conocido por su diversidad cultural, su vida salvaje y sus paisajes impresionantes.'),
  ('América', 'El continente donde se encuentra la mayor parte de la cordillera de los Andes y el lago Titicaca, conocido por su diversidad geográfica y cultural.'),
  ('Asia', 'El continente más grande y poblado del mundo, conocido por su historia antigua, su tecnología avanzada y su diversidad cultural.'),
  ('Europa', 'El continente donde se encuentra la mayor parte de la península balcánica y los Alpes, conocido por su historia, su arte y su diversidad lingüística.'),
  ('Oceanía', 'El continente más pequeño del mundo, conocido por su gran cantidad de islas, su vida marina y sus paisajes paradisíacos.');

INSERT INTO PAIS (nombre, descripcion, id_continente) VALUES
  ('ESTADOS UNIDOS', 'País ubicado en América del Norte, conocido por su diversidad cultural y económica.', 2),
  ('CANADA', 'País norteamericano conocido por su vasto territorio, belleza natural y calidad de vida.', 2),
  ('BRASIL', 'País sudamericano reconocido por su vibrante cultura, vasta selva amazónica y playas espectaculares.', 2),
  ('ALEMANIA', 'País europeo líder en tecnología, economía y cultura, ubicado en el centro de Europa.', 4),
  ('SERBIA', 'País balcánico con una rica historia y patrimonio cultural, ubicado en el sureste de Europa.', 4),
  ('SAMOA', 'Nación insular del Pacífico conocida por sus paisajes tropicales, playas y cultura polinesia.', 1),
  ('JAPON', 'País asiático conocido por su tecnología avanzada, cultura única y hermosos paisajes.', 3),
  ('INGLATERRA', 'País en el Reino Unido conocido por su historia, cultura, monarquía y hermosos paisajes.', 4),
  ('ESPAÑA', 'País en el suroeste de Europa famoso por su historia, cultura, arte y deliciosa gastronomía.', 4),
  ('FRANCIA', 'País europeo conocido por su moda, arte, gastronomía y sitios históricos icónicos.', 4),
  ('BOLIVIA', 'País sudamericano conocido por su diversidad geográfica, cultura indígena y hermosos paisajes.', 1);

INSERT INTO CIUDAD (nombre, descripcion, id_pais) VALUES
  ('NEW YORK', 'City in the United States', 1),
  ('Vancouver', 'City in Canada', 2),
  ('Santa Mónica', 'City in the United States', 1),
  ('Río de Janeiro', 'City in Brazil', 3),
  ('Berlín', 'Capital city of Germany', 4),
  ('Florida', 'State in the United States', 1),
  ('Texas', 'State in the United States', 1),
  ('Cincinnati', 'City in the United States', 1),
  ('Novi Sad', 'City in Serbia', 5),
  ('Apia', 'Capital city of Samoa', 6),
  ('Tokio', 'Capital city of Japan', 7),
  ('Los Ángeles', 'City in the United States', 1),
  ('Madrid', 'Capital city of Spain', 9),
  ('París', 'Capital city of France', 10),
  ('Londres', 'Capital city of the United Kingdom', 8),
  ('Surrey', 'City in Canada', 2),
  ('Austin', 'City in the United States', 1),
  ('Brooklyn', 'Borough of New York City', 1),
  ('Sacramento', 'City in the United States', 1),
  ('Falmouth', 'City in the United States', 1),
  ('Rochester', 'City in the United States', 1),
  ('Detroit', 'City in the United States', 8),
  ('Hammersmith', 'District in London', 8),
  ('Oklahoma', 'State in the United States', 1),
  ('Nueva Jersey', 'State in the United States', 1),
  ('California', 'State in the United States', 1),
  ('Kentucky', 'State in the United States', 1),
  ('Pensilvania', 'State in the United States', 1),
  ('Georgia', 'State in the United States', 1),
  ('idaho', 'State in the United States', 1),
  ('nuevo mexico', 'State in the United States', 1),
  ('alabama', 'State in the United States', 1),
  ('massachusetts', 'State in the United States', 1),
  ('washington', 'State in the United States', 1),
  ('iowa', 'State in the United States', 1),
  ('cochabamba', 'City in Bolivia', 11);

INSERT INTO GENERO (nombre, descripcion) VALUES
  ('Acción', 'Películas o series que se caracterizan por escenas llenas de energía, con combates, persecuciones y situaciones de alta tensión.'),
  ('Aventura', 'Historias emocionantes que suelen implicar viajes, descubrimientos y desafíos en entornos exóticos o fantásticos.'),
  ('Comedia', 'Producciones destinadas a hacer reír al público, con situaciones divertidas, humor físico o diálogos ingeniosos.'),
  ('Drama', 'Películas o series que se centran en conflictos emocionales y personales, explorando temas profundos y conmovedores.'),
  ('Ciencia ficción', 'Historias que presentan avances tecnológicos, futuros alternativos o viajes espaciales, explorando posibilidades más allá de la realidad actual.'),
  ('Fantasía', 'Mundos imaginarios, criaturas mágicas y poderes sobrenaturales son características comunes de este género.'),
  ('Terror', 'Películas o series diseñadas para asustar y provocar miedo en el público, a menudo con elementos de suspenso, monstruos y situaciones escalofriantes.'),
  ('Suspense', 'Historias llenas de intriga y tensión, manteniendo al público en vilo sobre lo que sucederá a continuación.'),
  ('Romance', 'Historias de amor y relaciones personales, con énfasis en los aspectos emocionales y románticos de los personajes.'),
  ('Animación', 'Producciones en las que los personajes y entornos son creados mediante animación, ya sea tradicional o por computadora.'),
  ('Documental', 'Películas o series que presentan hechos reales, personas reales y eventos históricos, con el objetivo de informar, educar o concientizar al público.'),
  ('Musical', 'Historias en las que la música y el baile desempeñan un papel importante en la narrativa, a menudo con números musicales integrados en la trama.'),
  ('Western', 'Historias ambientadas en el viejo oeste americano, con tiroteos, duelos y paisajes desérticos como elementos característicos.'),
  ('Crimen', 'Películas o series que se centran en la comisión y resolución de crímenes, a menudo con detectives, policías y criminales como protagonistas.'),
  ('Misterio', 'Historias que giran en torno a la resolución de un enigma o la búsqueda de la verdad, manteniendo al público intrigado hasta el final.');

INSERT INTO PREMIO (nombre, descripcion, categoria) VALUES
  ('Oscar', 'Los premios de la Academia de las Artes y las Ciencias Cinematográficas, otorgados anualmente por logros destacados en la industria cinematográfica.', 'Cine'),
  ('Emmy', 'Premios otorgados por la Academia de Artes y Ciencias de la Televisión para reconocer la excelencia en la industria de la televisión estadounidense.', 'Televisión'),
  ('Globo de Oro', 'Premios otorgados por la Asociación de Prensa Extranjera de Hollywood, que reconoce la excelencia en cine y televisión.', 'Cine, Televisión'),
  ('BAFTA', 'Premios de la Academia Británica de las Artes Cinematográficas y de la Televisión, que reconoce la excelencia en cine, televisión y videojuegos.', 'Cine, Televisión, Videojuegos'),
  ('Cannes Film Festival', 'Uno de los festivales de cine más prestigiosos del mundo, celebrado anualmente en Cannes, Francia.', 'Cine'),
  ('Festival de Sundance', 'Festival de cine independiente que se celebra anualmente en Utah, Estados Unidos, considerado como una plataforma importante para cineastas emergentes.', 'Cine'),
  ('Premios Tony', 'Premios otorgados por la Liga de Teatros Americanos y Productores, que reconoce la excelencia en producciones teatrales de Broadway.', 'Teatro'),
  ('Festival de Venecia', 'Uno de los festivales de cine más antiguos y prestigiosos del mundo, celebrado anualmente en Venecia, Italia.', 'Cine'),
  ('Premios MTV', 'Premios otorgados por MTV para reconocer logros en música, cine y televisión, con énfasis en la cultura juvenil.', 'Música, Cine, Televisión');

INSERT INTO RESTRICCION (nombre, descripcion, tipo_restriccion) VALUES
  ('Apta para todo público (ATP)', 'La película o serie es apta para todo público. No contiene contenido que pueda considerarse inapropiado para niños.', 'ATP'),
  ('Todo público (TP)', 'La película o serie es apta para todo público. No contiene contenido que pueda considerarse inapropiado para niños.', 'TP'),
  ('Clasificación por edades', 'La clasificación de películas establecida por la MPAA. Incluye categorías como G, PG, PG-13, R y NC-17.', 'MPAA'),
  ('Parental Guidance', 'La película o serie puede contener contenido inapropiado para niños menores de 15 años. Se recomienda la supervisión de un adulto.', 'PG-15'),
  ('Restricted', 'La película o serie contiene contenido para adultos. No se recomienda para menores de 17 años sin la compañía de un adulto.', 'R-Rated');

INSERT INTO CONTENIDO (titulo, link_foto_propaganda, id_restriccion, id_genero) VALUES
  ('Deadpool 2', 'https://images.app.goo.gl/FjAK19n6qCW4AtAo6', 5, 1),
  ('Avengers: Endgame', 'https://images.app.goo.gl/ptqnCQgtLc1FUjha6', 2, 1),
  ('Joker', 'https://images.app.goo.gl/yoFeAztULUCMWsNh8', 5, 4),
  ('Scary Stories to Tell in the Dark', 'https://images.app.goo.gl/UQoGdHWfZTSmX3d38', 4, 7),
  ('Hunt for the Wilderpeople', 'https://images.app.goo.gl/rHFr2hKsSmTCJxup8', 4, 2),
  ('Game of Thrones', 'https://images.app.goo.gl/XGtZ9xzbUqrUfCwM6', 5, 6),
  ('Breaking Bad', 'https://images.app.goo.gl/uUiNmbjRgVYJb3db6', 5, 4),
  ('The Walking Dead', 'https://images.app.goo.gl/iv7y7FFmSBe97kT57', 4, 2),
  ('LA LEY Y EL ORDEN UVE', 'https://images.app.goo.gl/vMw4yvFYH5Deuk786', 1, 3),
  ('The Office', 'https://images.app.goo.gl/R7JUtUrDiHTaPzbo8', 1, 3);

INSERT INTO PELICULA (id_contenido, duracion, link_video) VALUES
  (1, "1.48", 'https://youtu.be/6Kb7a8ASs8M?si=oRm6hQ-wyx2gXUdga'),
  (2, "3.02", 'https://youtu.be/6Kb7a8ASs8M?si=oRm6hQ-wyx2gXUdgs'),
  (3, "2.2", 'https://youtu.be/6Kb7a8ASs8M?si=oRm6hQ-wyx2gXUdgddd'),
  (4, "1.51", 'https://youtu.be/6Kb7a8ASs8M?si=oRm6hQ-wyx2gXUdgfdf'), 
  (5, "1.41", 'https://youtu.be/6Kb7a8ASs8M?si=oRm6hQ-wyx2gXUdgasdfasd'); 

INSERT INTO SERIE (id_contenido, duracion, cantidad_temporadas) VALUES
  (6, 73.55, 2),
  (7, 62.30, 2),
  (8, 231, 2),
  (9, 99, 2),
  (10, 88.30, 2);

INSERT INTO TEMPORADA (nombre, descripcion, id_serie, cantidad_capitulos, fecha_estreno) VALUES
  ('Game of Thrones: temp 1', 'Primera temporada de la serie', 6, 2, '2011-04-17'),
  ('Game of Thrones: temp 2', 'Segunda temporada de la serie', 6, 2, '2012-04-01'),
  ('Breaking Bad: temp 1', 'Primera temporada de la serie', 7, 2, '2008-01-20'),
  ('Breaking Bad: temp 2', 'Segunda temporada de la serie', 7, 2, '2009-03-08'),
  ('The Walking Dead: temp 1', 'Primera temporada de la serie', 8, 2, '2010-10-31'),
  ('The Walking Dead: temp 2', 'Segunda temporada de la serie', 8, 2, '2011-10-16'),
  ('La Ley y El orden UV: temp 1', 'Primera temporada de la serie', 9, 2, '1999-09-20'),
  ('La Ley y El orden UV: temp 2', 'Segunda temporada de la serie', 9, 2, '2000-10-20'),
  ('The Office: temp 1', 'Primera temporada de la serie', 10, 2, '2005-03-24'),
  ('The Office: temp 2', 'Segunda temporada de la serie', 10, 2, '2005-09-20');

INSERT INTO CAPITULO (nombre, link_video, duracion, fecha_estreno, id_temporada) VALUES
  ('Winter Is Coming', 'https://www.youtube.com/watch?v=522lKp3QVDo', 62, '2011-04-17', 1),
  ('The Kingsroad', 'https://www.youtube.com/watch?v=522lKp3QVDo', 56, '2011-04-24', 1),
  ('The North Remembers', 'https://www.youtube.com/watch?v=522lKp3QVDo', 54, '2012-04-01', 2),
  ('The Night Lands', 'https://www.youtube.com/watch?v=522lKp3QVDo', 56, '2012-04-08', 2),
  ('Pilot', 'https://www.youtube.com/watch?v=522lKp3QVDo', 58, '2008-01-20', 3),
  ('Cat''s in the Bag...', 'https://www.youtube.com/watch?v=522lKp3QVDo', 48, '2008-01-27', 3),
  ('Seven Thirty-Seven', 'https://www.youtube.com/watch?v=522lKp3QVDo', 55, '2009-03-08', 4),
  ('Grilled', 'https://www.youtube.com/watch?v=522lKp3QVDo', 50, '2009-03-15', 4),
  ('The One Where Monica Gets a Roommate', 'https://www.youtube.com/watch?v=522lKp3QVDo', 23, '1994-09-22', 5),
  ('The One with the Sonogram at the End', 'https://www.youtube.com/watch?v=522lKp3QVDo', 22, '1994-09-29', 5),
  ('The One with Ross''s New Girlfriend', 'https://www.youtube.com/watch?v=522lKp3QVDo', 25, '1995-09-21', 6),
  ('The One with the Breast Milk', 'https://www.youtube.com/watch?v=522lKp3QVDo', 24, '1995-09-28', 6)  ,
  ('Days Gone Bye', 'https://www.youtube.com/watch?v=522lKp3QVDo', 67, '2010-10-31', 7),
  ('Guts', 'https://www.youtube.com/watch?v=522lKp3QVDo', 60, '2010-11-07', 7),
  ('What Lies Ahead', 'https://www.youtube.com/watch?v=522lKp3QVDo', 62, '2011-10-16', 8),  
  ('Bloodletting', 'https://www.youtube.com/watch?v=522lKp3QVDo', 55, '2011-10-23', 8),
  ('Pilot', 'https://www.youtube.com/watch?v=522lKp3QVDo', 23, '2005-03-24', 9),
  ('Diversity Day', 'https://www.youtube.com/watch?v=522lKp3QVDo', 22, '2005-03-29', 9),
  ('The Dundies', 'https://www.youtube.com/watch?v=522lKp3QVDo', 21, '2005-09-20', 10),
  ('Sexual Harassment', 'https://www.youtube.com/watch?v=522lKp3QVDo', 23, '2005-09-27', 10);

INSERT INTO EMPRESA (nombre, descripcion) VALUES
  ('20th Century Fox', 'Century Studios, anteriormente conocida como 20th Century Fox, es una de las principales productoras y distribuidoras de cine en el mundo. Fundada en 1935, ha sido responsable de la producción de una amplia gama de películas, desde clásicos de Hollywood hasta éxitos contemporáneos.'),
  ('Marvel Studios', 'Marvel Entertainment es una subsidiaria de The Walt Disney Company y una de las mayores editoriales de cómics del mundo. Además de la publicación de cómics, Marvel es conocida por su vasto universo cinematográfico de superhéroes, que incluye películas de gran éxito como las de la serie Avengers.'),
  ('Warner Bros. Pictures', 'Warner Bros. Pictures es una de las principales productoras y distribuidoras de cine en el mundo. Forma parte de Warner Bros. Entertainment, una de las mayores compañías de entretenimiento del mundo, y ha sido responsable de numerosas películas icónicas a lo largo de los años.'),
  ('CBS Films', 'CBS Films es una división de CBS Corporation dedicada a la producción y distribución de películas. Ha producido una variedad de películas de diferentes géneros y ha sido conocida por sus colaboraciones con otros estudios y productores.'),
  ('Piki Films', 'Piki Films es una productora cinematográfica con sede en Nueva Zelanda. Se ha destacado en la producción de películas independientes y de autor, con un enfoque en contar historias auténticas y originales.');

INSERT INTO R_CONTENIDO_EMPRESA (costo, duracion, id_contenido, id_empresa) VALUES
  (58.1, 1.18, 1, 1),
  (356.1, 7.2, 2, 2),
  (55.7, 0.1, 3, 3),
  (2.5, 1.4, 4, 4),
  (2.5, 1.5, 5, 5),
  (36.1, 7.2, 9, 2),
  (5.7, 0.1, 9, 3);

INSERT INTO PERSONA (nombre, apellido_paterno, fecha_nacimiento, sexo, id_ciudad_residencia) VALUES
  ('William Bradley', 'Pitt', '1963-12-18', 'M', 24),
  ('Mary Louise', 'Streep', '1949-06-22', 'F', 25),
  ('Leonardo Wilhelm', 'DiCaprio', '1974-11-11', 'M', 26),
  ('Thomas Jeffrey', 'Hanks', '1956-07-09', 'M', 26),
  ('Jennifer Shrader', 'Lawrence', '1990-08-15', 'F', 27),
  ('Denzel Hayes', 'Washington', '1954-12-28', 'M', 1),
  ('Scarlett Ingrid', 'Johansson', '1984-11-22', 'F', 1),
  ('Willard Carroll', 'Smith', '1968-09-25', 'M', 28),
  ('Julia Fiona', 'Roberts', '1967-10-28', 'F', 29),
  ('Robert John', 'Downey', '1965-04-04', 'M', 1),
  ('Ryan', 'Reynolds', '1976-10-23', 'M', 2),
  ('Joshua', 'Brolin', '1972-02-12', 'M', 3),
  ('Morena', 'Baccarin', '1979-03-22', 'F', 4),
  ('Zazie', 'Beetz', '1991-05-25', 'F', 5),
  ('Timothy', 'Miller', '1982-06-04', 'M', 6),
  ('Brianna', 'Hildebrand', '1996-08-14', 'F', 7),
  ('Leslie', 'Uggams', '1935-05-25', 'F', 8),
  ('Stefan', 'Kapičić', '1978-08-17', 'M', 9),
  ('JJulian', 'Dennison', '2001-05-26', 'M', 10),
  ('Shiori', 'Kutsuna', '1988-12-22', 'F', 11),
  ('Matthew', 'McConaughey', '1969-11-04', 'M', 9),
  ('Anne', 'Hathaway', '1982-11-12', 'F', 6),
  ('Jessica', 'Chastain', '1977-03-24', 'F', 6),
  ('Michael', 'Caine', '1933-03-14', 'M', 8),
  ('Casey', 'Affleck', '1975-08-12', 'M', 1),
  ('John', 'Lithgow', '1945-10-19', 'M', 1),
  ('Topher', 'Grace', '1978-07-12', 'M', 1),
  ('Ellen', 'Burstyn', '1932-12-07', 'F', 6),
  ('David', 'Gyasi', '1980-01-02', 'M', 7),
  ('Mackenzie', 'Foy', '2000-11-10', 'F', 1),
  ('Emilia', 'Clarke', '1986-10-23', 'F', 15),
  ('Kit', 'Harington', '1986-12-26', 'M', 15),
  ('Peter', 'Dinklage', '1969-06-11', 'M', 25),
  ('Bryan', 'Cranston', '1956-03-07', 'M', 26),
  ('Aaron', 'Paul', '1979-08-27', 'M', 30),
  ('Anna', 'Gunn', '1968-08-11', 'F', 31),
  ('Jennifer', 'Aniston', '1969-02-11', 'F', 26),
  ('Courteney', 'Cox', '1964-06-15', 'F', 32),
  ('Matthew', 'Perry', '1969-08-19', 'M', 33),
  ('Steve', 'Carell', '1962-08-16', 'M', 33),
  ('Rainn', 'Wilson', '1966-01-20', 'M', 34),
  ('John', 'Krasinski', '1979-10-20', 'M', 33),
  ('Andrew', 'Lincoln', '1973-09-14', 'M', 15),
  ('Norman', 'Reedus', '1969-01-06', 'M', 6),
  ('Danai', 'Gurira', '1978-02-14', 'F', 35),

  ('Isai', 'Quispe', '2000-01-08', 'M', 36),
  ('Eddy', 'Sejas', '2004-03-07', 'M', 36),
  ('Jhonny', 'Fernandez', '2001-11-13', 'M', 36),
  ('Eduardo', 'Kilibarda', '2002-09-25', 'M', 36),
  ('Jhonathan', 'Quispe', '2002-11-10', 'M', 36),

  ('Robert', 'Downey', '1965-04-04', 'M', 1),
  ('Chris', 'Evans', '1981-06-13', 'M', 1),
  ('Mark', 'Ruffalo', '1967-11-22', 'M', 8),
  ('Chris', 'Hemsworth', '1983-08-11', 'M', 2),
  ('Scarlett', 'Johansson', '1984-11-22', 'F', 1),
  ('Jeremy', 'Renner', '1971-01-07', 'M', 1),
  ('Don', 'Cheadle', '1964-11-29', 'M', 2),
  ('Paul', 'Rudd', '1969-04-06', 'M', 8),
  ('Benedict', 'Cumberbatch', '1976-07-19', 'M', 2),
  ('Tom', 'Holland', '1996-06-01', 'M', 1);

INSERT INTO ACTOR (id_persona, id_ciudad_origen) VALUES
  (1, 24),
  (2, 25),
  (3, 26),
  (4, 26),
  (5, 27),
  (6, 1),
  (7, 1),
  (8, 28),
  (9, 29),
  (10, 1),
  (11, 2),
  (12, 3),
  (13, 4),
  (14, 5),
  (15, 6),
  (16, 7),
  (17, 8),
  (18, 9),
  (19, 10),
  (20, 11),
  (21, 9),
  (22, 6),
  (23, 6),
  (24, 8),
  (25, 1),
  (26, 1),
  (27, 1),
  (28, 6),
  (29, 7),
  (30, 1),
  (31, 15),
  (32, 15),
  (33, 25),
  (34, 26),
  (35, 30),
  (36, 31),
  (37, 26),
  (38, 32),
  (39, 33),
  (40, 33),
  (41, 34),
  (42, 33),
  (43, 15),
  (44, 6),
  (45, 35),

  (51, 1),
  (52, 1),
  (53, 1),
  (54, 1),
  (55, 1),
  (56, 1),
  (57, 1),
  (58, 1),
  (59, 1),
  (60, 1);

INSERT INTO R_CONTENIDO_ACTOR (nombre_artistico, rol, id_actor, id_contenido) VALUES
  ('Deadpool','Principal',11,1),
  ('Vanessa Carlysle','Principal',12,1),
  ('Thanos','Principal',13,2),
  ('Hombre de funeral','Cameo',14,2),
  ('Sophie Dumond','Secundario',15,3),
  ('un cameo','Cameo',16,3),
  ('Stella Nicholls','Principal',17,4),
  ('persona del fondo','Cameo',18,4),
  ('Ricky Baker','Principal',19,5),
  ('persona del fondo','Cameo',20,5),
  ('Iron Man', 'principal', 1, 2),
  ('Capitán América', 'principal', 52, 2),
  ('Hulk', 'principal', 3, 2),
  ('Thor', 'principal', 4, 2),
  ('Black Widow', 'principal', 5, 2),
  ('Hawkeye', 'secundario', 6, 2),
  ('War Machine', 'secundario', 7, 2),
  ('Ant-Man', 'secundario', 8, 2),
  ('Doctor Strange', 'secundario', 9, 2),
  ('Spider-Man', 'secundario', 10, 2);

INSERT INTO CUENTA (id_persona, correo, usuario, clave) VALUES
  (46, 'isaiQuis@outlook.com', 'ElQuispe', 'HolaMundo'),
  (47, 'eddysejas@gmail.com', 'EddyS', 'NewMaster'),
  (48, 'jhonnyfer@gmail.com', 'Joule', 'Contraseña'),
  (49, 'eduakil@outlook.com', 'EduardoKil', 'Elementos'),
  (50, 'jhonathanquis@hotmaill.com', 'Jhona', 'Programacion');

INSERT INTO SUBCUENTA (id_cuenta, nombre, clave_acceso, activo) VALUES
  (46, 'cuenta101', '1111', 1),
  (46, 'cuenta102', '1133', 0),
  (46, 'cuenta103', '1144', 0),
  (47, 'cuenta201', '2211', 0),
  (47, 'cuenta202', '2222', 1),
  (47, 'cuenta203', '2233', 0),
  (48, 'cuenta301', '3311', 0),
  (48, 'cuenta302', '3322', 0),
  (48, 'cuenta303', '3333', 1),
  (49, 'cuenta401', '4411', 0),
  (49, 'cuenta402', '4422', 1),
  (49, 'cuenta403', '4433', 0),
  (50, 'cuenta501', '5511', 1),
  (50, 'cuenta502', '5522', 0),
  (50, 'cuenta503', '5533', 0);

INSERT INTO TELEFONO (codigo_pais, numero, id_cuenta) VALUES
  (591, 71764495, 46),
  (591, 70762346, 47),
  (591, 78764557, 47),
  (591, 71776543, 48),
  (591, 77764900, 48),
  (591, 76761222, 49),
  (591, 79778788, 49),
  (591, 71761258, 50),
  (591, 71715154, 50),
  (591, 71769696, 50);

INSERT INTO PAQUETE (tipo, descripcion, duracion) VALUES 
  ('personal', 'El paquete consta de una subcuenta y dura 4 semanas con 2 días', 4.2),
  ('duo', 'El paquete consta de dos subcuentas y dura 4 semanas y 2 días', 4.2),  
  ('familiar', 'El paquete consta de tres subcuentas y dura 4 semanas y 2 días', 4.2),
  ('personal', 'El paquete consta de una subcuenta y dura 25 semanas y 5 días', 25.5),
  ('duo', 'El paquete consta de dos subcuentas y dura 25 semanas y 5 días', 25.5),  
  ('familiar', 'El paquete consta de tres subcuentas y dura 25 semanas y 5 días', 25.5),
  ('personal', 'El paquete consta de una subcuenta y dura 52 semanas y 1 día', 52.1),
  ('duo', 'El paquete consta de dos subcuentas y dura 52 semanas y 1 día', 52.1),
  ('familiar', 'El paquete consta de tres subcuentas y dura 52 semanas y 1 día', 52.1);

INSERT INTO FORMA_PAGO (monto) VALUES
  (30),
  (30),
  (30),
  (30),
  (300),
  (160),
  (30),
  (30),
  (160),
  (300);

INSERT INTO CREDITO (id_forma_pago, fecha_inicio, fecha_fin) VALUES
  (5, '2024-04-23', '2025-04-23'),
  (6, '2024-04-23', '2024-10-23'),
  (9, '2024-04-23', '2025-04-23'),
  (10, '2024-04-23', '2024-10-23');

INSERT INTO CONTADO (id_forma_pago, descuento) VALUES
  (1, 0),
  (2, 0),
  (3, 0),
  (4, 0),
  (7, 0),
  (8, 0);

INSERT INTO SUSCRIPCION   (id, fecha_adquisicion, fecha_fin, tipo_tarjeta, id_paquete, id_cuenta, id_forma_pago) VALUES
  (1, '2024-01-01', '2024-02-01', 'credito' ,1, 46, 1),
  (2, '2024-01-15', '2024-02-15', 'debito' ,2, 47, 2), 
  (3, '2024-01-20', '2024-02-20', 'debito' ,3, 48, 3),
  (4, '2024-01-23', '2024-02-23', 'debito' ,1, 49, 4),
  (5, '2024-02-07', '2025-02-07', 'credito' ,9, 50, 3),
  (6, '2024-02-12', '2024-08-12', 'debito' ,5, 46, 1), 
  (7, '2024-02-18', '2024-03-18', 'debito' ,2, 47, 7),
  (8, '2024-02-20', '2024-03-20', 'credito' ,3, 48, 8),
  (9, '2024-03-19', '2024-09-19', 'credito' ,4, 46, 3),
  (10, '1999-04-12', '2025-04-12', 'credito', 8, 48, 2);

 INSERT INTO VISUALIZACION (fecha, id_subcuenta, id_contenido) VALUES
  ('2024-01-01 11:14:54', 1, 2),
  ('2024-02-01 11:14:54', 2, 3),
  ('2024-02-01 11:14:54', 3, 4),
  ('2024-02-01 11:14:54', 4, 6),
  ('2024-02-01 11:14:54', 5, 7),
  ('2024-02-01 11:14:54', 6, 8),
  ('2024-02-01 11:14:54', 7, 9),
  ('2024-02-01 11:14:54', 8, 10),
  ('2024-01-01 11:14:54', 9, 2),
  ('2024-01-01 11:14:54', 10, 3),
  ('2024-01-01 11:14:54', 11, 4),
  ('2024-01-01 11:14:54', 12, 6),
  ('2024-01-01 11:14:54', 13, 7),
  ('2024-01-26 11:14:54', 14, 8),
  ('2024-01-01 11:14:54', 15, 9),
  ('2024-01-01 11:14:54', 1, 2),
  ('2024-01-01 11:14:54', 2, 2),
  ('2024-02-28 11:14:54', 3, 3),
  ('2024-02-01 11:14:54', 4, 2),
  ('2024-02-01 11:14:54', 5, 2),
  ('2024-02-01 11:14:54', 6, 4),
  ('2024-02-04 11:14:54', 7, 5),
  ('2024-02-01 11:14:54', 8, 6),
  ('2024-02-01 11:14:54', 9, 7),
  ('2024-02-01 11:14:54', 10, 9),
  ('2024-02-01 11:14:54', 11, 1),
  ('2024-02-01 11:14:54', 12, 1),
  ('2024-02-01 11:14:54', 13, 2),
  ('2024-02-01 11:14:54', 14, 3),
  ('2024-02-01 11:14:54', 15, 4);

INSERT INTO ESTRENO (fecha, descripcion, id_contenido) VALUES
  ('2024-04-01 10:00:00', 'Gran estreno de la película de acción', 1),
  ('2024-04-10 15:30:00', 'Emocionante estreno de la comedia romántica', 2),
  ('2024-04-15 18:00:00', 'Increíble estreno del documental histórico', 3),
  ('2024-04-20 20:45:00', 'Esperado estreno de la película de ciencia ficción', 4),
  ('2024-04-25 12:00:00', 'Impactante estreno del drama psicológico', 9);
